,Fit Results,KS Statistic,P-Value
0,"  params: FitParams(a=1.4722038179327583, b=0.8160823987995753, loc=-1.0325101534991388, scale=6.03251015349914)
 success: True
 message: 'The fit was performed successfully.'",0.24227238317680888,0.011
