,Bin (asc),Lower Bound,Upper Bound,RDG Count,Total Count,Frac
0,0.0,0.0,0.0846466422682633,4.0,126.0,0.031746031746031744
1,1.0,0.0846466422682633,0.4838829006742342,9.0,124.0,0.07258064516129033
2,2.0,0.4838829006742342,0.8605850463836993,12.0,124.0,0.0967741935483871
3,3.0,0.8605850463836993,0.9681411036190912,11.0,124.0,0.08870967741935484
4,4.0,0.9681411036190912,0.9906622149354052,10.0,124.0,0.08064516129032258
5,5.0,0.9906622149354052,0.997213085982384,7.0,124.0,0.056451612903225805
