,Bin (asc),Lower Bound,Upper Bound,RDG Count,Total Count,Frac
0,0.0,0.0,0.071218899666308,6.0,126.0,0.047619047619047616
1,1.0,0.071218899666308,0.344220916693129,4.0,124.0,0.03225806451612903
2,2.0,0.344220916693129,0.8038024522143395,16.0,124.0,0.12903225806451613
3,3.0,0.8038024522143395,0.9661079082202272,14.0,124.0,0.11290322580645161
4,4.0,0.9661079082202272,0.988911803123486,6.0,124.0,0.04838709677419355
5,5.0,0.988911803123486,0.9965051480004052,7.0,124.0,0.056451612903225805
