,Bin (asc),Lower Bound,Upper Bound,RDG Count,Total Count,Frac
0,0.0,0.0,0.0862702368761099,6.0,126.0,0.047619047619047616
1,1.0,0.0862702368761099,0.2993370432991652,3.0,124.0,0.024193548387096774
2,2.0,0.2993370432991652,0.7457687561147204,15.0,124.0,0.12096774193548387
3,3.0,0.7457687561147204,0.9507007677600589,12.0,124.0,0.0967741935483871
4,4.0,0.9507007677600589,0.9862339412450613,9.0,124.0,0.07258064516129033
5,5.0,0.9862339412450613,0.996145689544125,8.0,124.0,0.06451612903225806
