,Bin (asc),Lower Bound,Upper Bound,RDG Count,Total Count,Frac
0,0.0,0.0,0.0947822275753807,7.0,126.0,0.05555555555555555
1,1.0,0.0947822275753807,0.4300421876485178,5.0,124.0,0.04032258064516129
2,2.0,0.4300421876485178,0.8613411576380576,14.0,124.0,0.11290322580645161
3,3.0,0.8613411576380576,0.9668505681346724,12.0,124.0,0.0967741935483871
4,4.0,0.9668505681346724,0.989490798001618,8.0,124.0,0.06451612903225806
5,5.0,0.989490798001618,0.99715718522202,7.0,124.0,0.056451612903225805
