,Bin (asc),Lower Bound,Upper Bound,RDG Count,Total Count,Frac
0,0.0,0.0,0.0821085617266397,6.0,126.0,0.047619047619047616
1,1.0,0.0821085617266397,0.3783218796306259,6.0,124.0,0.04838709677419355
2,2.0,0.3783218796306259,0.8270597449773239,14.0,124.0,0.11290322580645161
3,3.0,0.8270597449773239,0.9636864217884784,11.0,124.0,0.08870967741935484
4,4.0,0.9636864217884784,0.9872617219810828,9.0,124.0,0.07258064516129033
5,5.0,0.9872617219810828,0.9966633862232924,7.0,124.0,0.056451612903225805
