,Bin (asc),Lower Bound,Upper Bound,RDG Count,Total Count,Frac
0,0.0,0.0,0.0918012819907988,6.0,126.0,0.047619047619047616
1,1.0,0.0918012819907988,0.3944362721196591,7.0,124.0,0.056451612903225805
2,2.0,0.3944362721196591,0.8439057245760704,13.0,124.0,0.10483870967741936
3,3.0,0.8439057245760704,0.9617050928571728,11.0,124.0,0.08870967741935484
4,4.0,0.9617050928571728,0.9880083711493948,9.0,124.0,0.07258064516129033
5,5.0,0.9880083711493948,0.9969121297220797,7.0,124.0,0.056451612903225805
