,Bin (asc),Lower Bound,Upper Bound,RDG Count,Total Count,Frac
0,0.0,0.0,0.1133909899814874,7.0,126.0,0.05555555555555555
1,1.0,0.1133909899814874,0.3908830246748084,4.0,124.0,0.03225806451612903
2,2.0,0.3908830246748084,0.8823736430503282,15.0,124.0,0.12096774193548387
3,3.0,0.8823736430503282,0.9759254130469937,12.0,124.0,0.0967741935483871
4,4.0,0.9759254130469937,0.9930749217459,9.0,124.0,0.07258064516129033
5,5.0,0.9930749217459,0.9977967546012122,6.0,124.0,0.04838709677419355
