,Bin (asc),Lower Bound,Upper Bound,RDG Count,Total Count,Frac
0,0.0,0.0,0.0887944164713256,6.0,126.0,0.047619047619047616
1,1.0,0.0887944164713256,0.4224700034341137,6.0,124.0,0.04838709677419355
2,2.0,0.4224700034341137,0.8744465316016908,14.0,124.0,0.11290322580645161
3,3.0,0.8744465316016908,0.9730827486619686,12.0,124.0,0.0967741935483871
4,4.0,0.9730827486619686,0.9917966086629684,9.0,124.0,0.07258064516129033
5,5.0,0.9917966086629684,0.9982056403414832,6.0,124.0,0.04838709677419355
