,Bin (asc),Lower Bound,Upper Bound,RDG Count,Total Count,Frac
0,0.0,0.0,0.079010266154034,5.0,126.0,0.03968253968253968
1,1.0,0.079010266154034,0.3836572388137356,7.0,124.0,0.056451612903225805
2,2.0,0.3836572388137356,0.8731031016967197,14.0,124.0,0.11290322580645161
3,3.0,0.8731031016967197,0.9698228465607328,13.0,124.0,0.10483870967741936
4,4.0,0.9698228465607328,0.9900043066319266,8.0,124.0,0.06451612903225806
5,5.0,0.9900043066319266,0.9971784245310468,6.0,124.0,0.04838709677419355
