,Accuracy,ROC AUC,ROC Weighted Av,Logarithmic Loss,F1 Score,CMatrix11,CMatrix12,CMatrix21,CMatrix22
0,76.42826914938638,0.6582169402924121,0.6582169402924121,8.49611296561077,0.8645098516176113,29.0,24.0,533.0,1777.0
