,Accuracy,ROC AUC,ROC Weighted Av,Logarithmic Loss,F1 Score,CMatrix11,CMatrix12,CMatrix21,CMatrix22
0,87.93103448275862,0.8706594456833388,0.8706594456833388,4.350096098686553,0.8372093023255814,66.0,7.0,7.0,36.0
