,Accuracy,ROC AUC,ROC Weighted Av,Logarithmic Loss,F1 Score,CMatrix11,CMatrix12,CMatrix21,CMatrix22
0,87.93103448275862,0.8817401960784315,0.8817401960784315,4.350096098686553,0.86,59.0,9.0,5.0,43.0
