,Accuracy,ROC AUC,ROC Weighted Av,Logarithmic Loss,F1 Score,CMatrix11,CMatrix12,CMatrix21,CMatrix22
0,93.07359307359307,0.9162042656493844,0.9162042656493844,2.4965301048739152,0.8888888888888888,151.0,7.0,9.0,64.0
