,Accuracy,ROC AUC,ROC Weighted Av,Logarithmic Loss,F1 Score,CMatrix11,CMatrix12,CMatrix21,CMatrix22
0,87.01298701298701,0.8610665597433842,0.8610665597433842,4.6809939466385915,0.8255813953488372,130.0,15.0,15.0,71.0
