,Accuracy,ROC AUC,ROC Weighted Av,Logarithmic Loss,F1 Score,CMatrix11,CMatrix12,CMatrix21,CMatrix22
0,88.74458874458875,0.8787986916443652,0.8787986916443652,4.0568614204201126,0.8514285714285714,261.0,24.0,28.0,149.0
