,Accuracy,ROC AUC,ROC Weighted Av,Logarithmic Loss,F1 Score,CMatrix11,CMatrix12,CMatrix21,CMatrix22
0,90.46793760831889,0.8930172413793103,0.8930172413793103,3.4357035292919296,0.8614609571788413,351.0,26.0,29.0,171.0
