,Accuracy,ROC AUC,ROC Weighted Av,Logarithmic Loss,F1 Score,CMatrix11,CMatrix12,CMatrix21,CMatrix22
0,90.22277227722772,0.8928027810458168,0.8928027810458168,3.5240700714607116,0.8635578583765112,479.0,38.0,41.0,250.0
