,Accuracy,ROC AUC,ROC Weighted Av,Logarithmic Loss,F1 Score,CMatrix11,CMatrix12,CMatrix21,CMatrix22
0,88.73239436619718,0.8725169816361973,0.8725169816361973,4.061256719900523,0.8375,551.0,46.0,58.0,268.0
