,Accuracy,ROC AUC,ROC Weighted Av,Logarithmic Loss,F1 Score,CMatrix11,CMatrix12,CMatrix21,CMatrix22
0,88.73239436619718,0.8740273477812178,0.8740273477812178,4.061256719900524,0.8375000000000001,551.0,49.0,55.0,268.0
