,Accuracy,ROC AUC,ROC Weighted Av,Logarithmic Loss,F1 Score,CMatrix11,CMatrix12,CMatrix21,CMatrix22
0,89.4128970163619,0.883317447078915,0.883317447078915,3.815978703371402,0.8548812664907651,605.0,49.0,61.0,324.0
