,Accuracy,ROC AUC,ROC Weighted Av,Logarithmic Loss,F1 Score,CMatrix11,CMatrix12,CMatrix21,CMatrix22
0,88.64292589027912,0.8730726134509049,0.8730726134509049,4.093504427252959,0.8370165745856355,618.0,55.0,63.0,303.0
