,Accuracy,ROC AUC,ROC Weighted Av,Logarithmic Loss,F1 Score,CMatrix11,CMatrix12,CMatrix21,CMatrix22
0,90.64124783362219,0.8976253333024949,0.8976253333024949,3.3732361923957126,0.8663366336633663,696.0,55.0,53.0,350.0
