,Accuracy,ROC AUC,ROC Weighted Av,Logarithmic Loss,F1 Score,CMatrix11,CMatrix12,CMatrix21,CMatrix22
0,88.9948006932409,0.8769706179344734,0.8769706179344734,3.9666758929097736,0.8422360248447204,688.0,59.0,68.0,339.0
