,Accuracy,ROC AUC,ROC Weighted Av,Logarithmic Loss,F1 Score,CMatrix11,CMatrix12,CMatrix21,CMatrix22
0,76.38595006347863,0.648782978028261,0.648782978028261,8.511366310252802,0.8642996108949418,28.0,25.0,533.0,1777.0
