,Accuracy,ROC AUC,ROC Weighted Av,Logarithmic Loss,F1 Score,CMatrix11,CMatrix12,CMatrix21,CMatrix22
0,76.47058823529412,0.6399983664134608,0.6399983664134608,8.480859620968742,0.8649173955296404,27.0,26.0,530.0,1780.0
