,Accuracy,ROC AUC,ROC Weighted Av,Logarithmic Loss,F1 Score,CMatrix11,CMatrix12,CMatrix21,CMatrix22
0,77.14769360981802,0.6342440578289635,0.6342440578289635,8.236806106696259,0.8693759071117562,26.0,27.0,513.0,1797.0
