,Accuracy,ROC AUC,ROC Weighted Av,Logarithmic Loss,F1 Score,CMatrix11,CMatrix12,CMatrix21,CMatrix22
0,76.08971646212441,0.6380503144654088,0.6380503144654088,8.618139722747014,0.8624299975651327,27.0,26.0,539.0,1771.0
