,Accuracy,ROC AUC,ROC Weighted Av,Logarithmic Loss,F1 Score,CMatrix11,CMatrix12,CMatrix21,CMatrix22
0,91.56626506024097,0.904342544791983,0.904342544791983,3.0398261894436156,0.879725085910653,252.0,15.0,20.0,128.0
