,Accuracy,ROC AUC,ROC Weighted Av,Logarithmic Loss,F1 Score,CMatrix11,CMatrix12,CMatrix21,CMatrix22
0,91.08433734939759,0.8990915072375747,0.8990915072375747,3.213530543126107,0.872852233676976,251.0,16.0,21.0,127.0
