,Accuracy,ROC AUC,ROC Weighted Av,Logarithmic Loss,F1 Score,CMatrix11,CMatrix12,CMatrix21,CMatrix22
0,78.96522476675149,0.6336469568321477,0.6336469568321477,7.581701476251953,0.8811121764141899,24.0,27.0,469.0,1838.0
