,Accuracy,ROC AUC,ROC Weighted Av,Logarithmic Loss,F1 Score,CMatrix11,CMatrix12,CMatrix21,CMatrix22
0,90.12048192771084,0.8855779937240612,0.8855779937240612,3.5609392504910917,0.8571428571428572,251.0,16.0,25.0,123.0
