,Accuracy,ROC AUC,ROC Weighted Av,Logarithmic Loss,F1 Score,CMatrix11,CMatrix12,CMatrix21,CMatrix22
0,76.42826914938638,0.6305644041493098,0.6305644041493098,8.496112965610772,0.8647073111488949,26.0,27.0,530.0,1780.0
