,Accuracy,ROC AUC,ROC Weighted Av,Logarithmic Loss,F1 Score,CMatrix11,CMatrix12,CMatrix21,CMatrix22
0,77.31696995344902,0.6627623948378666,0.6627623948378666,8.175792728128139,0.8702807357212003,29.0,24.0,512.0,1798.0
