,Accuracy,ROC AUC,ROC Weighted Av,Logarithmic Loss,F1 Score,CMatrix11,CMatrix12,CMatrix21,CMatrix22
0,77.27465086754125,0.6533284325737156,0.6533284325737156,8.19104607277017,0.8700701669489475,28.0,25.0,512.0,1798.0
