,Accuracy,ROC AUC,ROC Weighted Av,Logarithmic Loss,F1 Score,CMatrix11,CMatrix12,CMatrix21,CMatrix22
0,88.16738816738817,0.8672532730037459,0.8672532730037459,4.2649055958262725,0.825531914893617,417.0,40.0,42.0,194.0
