,Accuracy,ROC AUC,ROC Weighted Av,Logarithmic Loss,F1 Score,CMatrix11,CMatrix12,CMatrix21,CMatrix22
0,64.28571428571429,0.48857142857142855,0.48857142857142855,12.872733353256125,0.0,171.0,4.0,91.0,0.0
