,Accuracy,ROC AUC,ROC Weighted Av,Logarithmic Loss,F1 Score,CMatrix11,CMatrix12,CMatrix21,CMatrix22
0,65.0375939849624,0.5053191489361702,0.5053191489361702,12.601728440555997,0.021052631578947368,172.0,0.0,93.0,1.0
