,Accuracy,ROC AUC,ROC Weighted Av,Logarithmic Loss,F1 Score,CMatrix11,CMatrix12,CMatrix21,CMatrix22
0,66.16541353383458,0.5063892634688243,0.5063892634688243,12.195221071505804,0.1,171.0,8.0,82.0,5.0
