,Accuracy,ROC AUC,ROC Weighted Av,Logarithmic Loss,F1 Score,CMatrix11,CMatrix12,CMatrix21,CMatrix22
0,64.66165413533834,0.5052631578947369,0.5052631578947369,12.73723089690606,0.020833333333333332,171.0,0.0,94.0,1.0
