,Accuracy,ROC AUC,ROC Weighted Av,Logarithmic Loss,F1 Score,CMatrix11,CMatrix12,CMatrix21,CMatrix22
0,63.1578947368421,0.5050505050505051,0.5050505050505051,13.27924072230632,0.02,167.0,0.0,98.0,1.0
