,Accuracy,ROC AUC,ROC Weighted Av,Logarithmic Loss,F1 Score,CMatrix11,CMatrix12,CMatrix21,CMatrix22
0,65.78947368421053,0.5026373626373626,0.5026373626373626,12.330723527855868,0.021505376344086023,174.0,1.0,90.0,1.0
