,Accuracy,ROC AUC,ROC Weighted Av,Logarithmic Loss,F1 Score,CMatrix11,CMatrix12,CMatrix21,CMatrix22
0,64.28571428571429,0.49709302325581395,0.49709302325581395,12.872733353256127,0.0,171.0,1.0,94.0,0.0
