,Accuracy,ROC AUC,ROC Weighted Av,Logarithmic Loss,F1 Score,CMatrix11,CMatrix12,CMatrix21,CMatrix22
0,91.48629148629148,0.9042410075374486,0.9042410075374486,3.0686515872408546,0.8685968819599109,439.0,31.0,28.0,195.0
