,Accuracy,ROC AUC,ROC Weighted Av,Logarithmic Loss,F1 Score,CMatrix11,CMatrix12,CMatrix21,CMatrix22
0,67.66917293233082,0.511654787131574,0.511654787131574,11.653211246105545,0.06521739130434784,177.0,2.0,84.0,3.0
