,Accuracy,ROC AUC,ROC Weighted Av,Logarithmic Loss,F1 Score,CMatrix11,CMatrix12,CMatrix21,CMatrix22
0,65.0375939849624,0.5021978021978023,0.5021978021978023,12.601728440555995,0.060606060606060615,170.0,5.0,88.0,3.0
