,Accuracy,ROC AUC,ROC Weighted Av,Logarithmic Loss,F1 Score,CMatrix11,CMatrix12,CMatrix21,CMatrix22
0,65.78947368421053,0.49178064598985427,0.49178064598985427,12.330723527855866,0.02150537634408602,174.0,5.0,86.0,1.0
