,Accuracy,ROC AUC,ROC Weighted Av,Logarithmic Loss,F1 Score,CMatrix11,CMatrix12,CMatrix21,CMatrix22
0,65.0375939849624,0.4942857142857143,0.4942857142857143,12.601728440555997,0.0,173.0,2.0,91.0,0.0
