,Accuracy,ROC AUC,ROC Weighted Av,Logarithmic Loss,F1 Score,CMatrix11,CMatrix12,CMatrix21,CMatrix22
0,87.87878787878788,0.8674869493707094,0.8674869493707094,4.3689276835293525,0.8339920948616601,398.0,39.0,45.0,211.0
