,Accuracy,ROC AUC,ROC Weighted Av,Logarithmic Loss,F1 Score,CMatrix11,CMatrix12,CMatrix21,CMatrix22
0,63.90977443609023,0.4990103908955962,0.4990103908955962,13.008235809606191,0.04,168.0,4.0,92.0,2.0
