,Accuracy,ROC AUC,ROC Weighted Av,Logarithmic Loss,F1 Score,CMatrix11,CMatrix12,CMatrix21,CMatrix22
0,68.42105263157895,0.5201952096577409,0.5201952096577409,11.382206333405415,0.08695652173913043,178.0,1.0,83.0,4.0
