,Accuracy,ROC AUC,ROC Weighted Av,Logarithmic Loss,F1 Score,CMatrix11,CMatrix12,CMatrix21,CMatrix22
0,89.6103896103896,0.8833412842286041,0.8833412842286041,3.744795157310873,0.8400000000000001,432.0,38.0,34.0,189.0
