,Accuracy,ROC AUC,ROC Weighted Av,Logarithmic Loss,F1 Score,CMatrix11,CMatrix12,CMatrix21,CMatrix22
0,64.66165413533834,0.5076023391812866,0.5076023391812866,12.73723089690606,0.04081632653061225,170.0,1.0,93.0,2.0
