,Accuracy,ROC AUC,ROC Weighted Av,Logarithmic Loss,F1 Score,CMatrix11,CMatrix12,CMatrix21,CMatrix22
0,66.16541353383458,0.5107692307692309,0.5107692307692309,12.195221071505804,0.0625,173.0,2.0,88.0,3.0
