,Accuracy,ROC AUC,ROC Weighted Av,Logarithmic Loss,F1 Score,CMatrix11,CMatrix12,CMatrix21,CMatrix22
0,66.9172932330827,0.5001605342580108,0.5001605342580108,11.924216158805674,0.022222222222222223,177.0,2.0,86.0,1.0
