,Accuracy,ROC AUC,ROC Weighted Av,Logarithmic Loss,F1 Score,CMatrix11,CMatrix12,CMatrix21,CMatrix22
0,64.28571428571429,0.5046783625730995,0.5046783625730995,12.872733353256125,0.04040404040404041,169.0,2.0,93.0,2.0
