,Accuracy,ROC AUC,ROC Weighted Av,Logarithmic Loss,F1 Score,CMatrix11,CMatrix12,CMatrix21,CMatrix22
0,64.66165413533834,0.49142857142857144,0.49142857142857144,12.73723089690606,0.0,172.0,3.0,91.0,0.0
