,Accuracy,ROC AUC,ROC Weighted Av,Logarithmic Loss,F1 Score,CMatrix11,CMatrix12,CMatrix21,CMatrix22
0,64.66165413533834,0.5024121721919842,0.5024121721919842,12.73723089690606,0.020833333333333336,171.0,1.0,93.0,1.0
