,Accuracy,ROC AUC,ROC Weighted Av,Logarithmic Loss,F1 Score,CMatrix11,CMatrix12,CMatrix21,CMatrix22
0,89.75468975468975,0.8812651087832393,0.8812651087832393,3.692784113459333,0.8548057259713701,413.0,25.0,46.0,209.0
