,Accuracy,ROC AUC,ROC Weighted Av,Logarithmic Loss,F1 Score,CMatrix11,CMatrix12,CMatrix21,CMatrix22
0,65.0375939849624,0.515204678362573,0.515204678362573,12.601728440555997,0.0792079207920792,169.0,2.0,91.0,4.0
