,Accuracy,ROC AUC,ROC Weighted Av,Logarithmic Loss,F1 Score,CMatrix11,CMatrix12,CMatrix21,CMatrix22
0,84.84848484848484,0.8280892448512586,0.8280892448512586,5.46115960441169,0.7852760736196319,396.0,41.0,64.0,192.0
