,Accuracy,ROC AUC,ROC Weighted Av,Logarithmic Loss,F1 Score,CMatrix11,CMatrix12,CMatrix21,CMatrix22
0,63.90977443609023,0.4936263736263737,0.4936263736263737,13.00823580960619,0.058823529411764705,167.0,8.0,88.0,3.0
