,Accuracy,ROC AUC,ROC Weighted Av,Logarithmic Loss,F1 Score,CMatrix11,CMatrix12,CMatrix21,CMatrix22
0,63.53383458646616,0.49127906976744184,0.49127906976744184,13.143738265956255,0.0,169.0,3.0,94.0,0.0
