,Accuracy,ROC AUC,ROC Weighted Av,Logarithmic Loss,F1 Score,CMatrix11,CMatrix12,CMatrix21,CMatrix22
0,66.16541353383458,0.4975277724266358,0.4975277724266358,12.195221071505802,0.04255319148936171,174.0,5.0,85.0,2.0
