,Accuracy,ROC AUC,ROC Weighted Av,Logarithmic Loss,F1 Score,CMatrix11,CMatrix12,CMatrix21,CMatrix22
0,63.53383458646616,0.49415204678362573,0.49415204678362573,13.143738265956255,0.0,169.0,2.0,95.0,0.0
