,Accuracy,ROC AUC,ROC Weighted Av,Logarithmic Loss,F1 Score,CMatrix11,CMatrix12,CMatrix21,CMatrix22
0,85.71428571428571,0.8322608760152803,0.8322608760152803,5.149093341302451,0.7824175824175823,416.0,41.0,58.0,178.0
