,Accuracy,ROC AUC,ROC Weighted Av,Logarithmic Loss,F1 Score,CMatrix11,CMatrix12,CMatrix21,CMatrix22
0,65.41353383458647,0.49714285714285716,0.49714285714285716,12.46622598420593,0.0,174.0,1.0,91.0,0.0
