,Accuracy,ROC AUC,ROC Weighted Av,Logarithmic Loss,F1 Score,CMatrix11,CMatrix12,CMatrix21,CMatrix22
0,65.0375939849624,0.5222043542800593,0.5222043542800593,12.601728440555997,0.14678899082568805,165.0,7.0,86.0,8.0
