,Accuracy,ROC AUC,ROC Weighted Av,Logarithmic Loss,F1 Score,CMatrix11,CMatrix12,CMatrix21,CMatrix22
0,66.9172932330827,0.4972067039106145,0.4972067039106145,11.924216158805674,0.0,178.0,1.0,87.0,0.0
