,Accuracy,ROC AUC,ROC Weighted Av,Logarithmic Loss,F1 Score,CMatrix11,CMatrix12,CMatrix21,CMatrix22
0,63.90977443609023,0.5064327485380117,0.5064327485380117,13.00823580960619,0.07692307692307691,166.0,5.0,91.0,4.0
