,Accuracy,ROC AUC,ROC Weighted Av,Logarithmic Loss,F1 Score,CMatrix11,CMatrix12,CMatrix21,CMatrix22
0,84.84848484848484,0.8236472202648073,0.8236472202648073,5.46115960441169,0.7702407002188183,412.0,45.0,60.0,176.0
