,Accuracy,ROC AUC,ROC Weighted Av,Logarithmic Loss,F1 Score,CMatrix11,CMatrix12,CMatrix21,CMatrix22
0,66.54135338345864,0.5121363899056058,0.5121363899056058,12.059718615155738,0.11881188118811882,171.0,8.0,81.0,6.0
