,Accuracy,ROC AUC,ROC Weighted Av,Logarithmic Loss,F1 Score,CMatrix11,CMatrix12,CMatrix21,CMatrix22
0,63.90977443609023,0.4994152046783626,0.4994152046783626,13.00823580960619,0.020408163265306124,169.0,2.0,94.0,1.0
