,Accuracy,ROC AUC,ROC Weighted Av,Logarithmic Loss,F1 Score,CMatrix11,CMatrix12,CMatrix21,CMatrix22
0,66.54135338345864,0.5189010989010989,0.5189010989010989,12.059718615155738,0.10101010101010101,172.0,3.0,86.0,5.0
