,Accuracy,ROC AUC,ROC Weighted Av,Logarithmic Loss,F1 Score,CMatrix11,CMatrix12,CMatrix21,CMatrix22
0,67.66917293233082,0.5264239388685545,0.5264239388685545,11.653211246105545,0.1568627450980392,172.0,7.0,79.0,8.0
