,Accuracy,ROC AUC,ROC Weighted Av,Logarithmic Loss,F1 Score,CMatrix11,CMatrix12,CMatrix21,CMatrix22
0,63.1578947368421,0.4982456140350877,0.4982456140350877,13.27924072230632,0.057692307692307696,165.0,6.0,92.0,3.0
