,Accuracy,ROC AUC,ROC Weighted Av,Logarithmic Loss,F1 Score,CMatrix11,CMatrix12,CMatrix21,CMatrix22
0,90.33189033189034,0.8926439446493118,0.8926439446493118,3.4847399380531736,0.8618556701030928,417.0,32.0,35.0,209.0
