,Accuracy,ROC AUC,ROC Weighted Av,Logarithmic Loss,F1 Score,CMatrix11,CMatrix12,CMatrix21,CMatrix22
0,89.63855421686748,0.8833383945743497,0.8833383945743497,3.7346436041735847,0.8522336769759451,248.0,19.0,24.0,124.0
