,Accuracy,ROC AUC,ROC Weighted Av,Logarithmic Loss,F1 Score,CMatrix11,CMatrix12,CMatrix21,CMatrix22
0,77.0207363520948,0.6428122192273136,0.6428122192273136,8.282566140622352,0.8684911600871882,27.0,26.0,517.0,1793.0
