,Accuracy,ROC AUC,ROC Weighted Av,Logarithmic Loss,F1 Score,CMatrix11,CMatrix12,CMatrix21,CMatrix22
0,90.51724137931035,0.889984350547731,0.889984350547731,3.417932648968006,0.8705882352941177,68.0,3.0,8.0,37.0
