,Accuracy,ROC AUC,ROC Weighted Av,Logarithmic Loss,F1 Score,CMatrix11,CMatrix12,CMatrix21,CMatrix22
0,87.93103448275862,0.8371592539454806,0.8371592539454806,4.350096098686553,0.78125,77.0,5.0,9.0,25.0
