,Accuracy,ROC AUC,ROC Weighted Av,Logarithmic Loss,F1 Score,CMatrix11,CMatrix12,CMatrix21,CMatrix22
0,89.6103896103896,0.8780769230769231,0.8780769230769231,3.744795157310873,0.8378378378378378,145.0,11.0,13.0,62.0
