,Accuracy,ROC AUC,ROC Weighted Av,Logarithmic Loss,F1 Score,CMatrix11,CMatrix12,CMatrix21,CMatrix22
0,90.20172910662824,0.8917337936325279,0.8917337936325279,3.5316547989336686,0.8482142857142857,218.0,19.0,15.0,95.0
