,Accuracy,ROC AUC,ROC Weighted Av,Logarithmic Loss,F1 Score,CMatrix11,CMatrix12,CMatrix21,CMatrix22
0,91.16117850953206,0.9091280653950954,0.9091280653950954,3.185834181707062,0.881118881118881,337.0,30.0,21.0,189.0
