,Accuracy,ROC AUC,ROC Weighted Av,Logarithmic Loss,F1 Score,CMatrix11,CMatrix12,CMatrix21,CMatrix22
0,90.33189033189034,0.8909323808811429,0.8909323808811429,3.484739938053173,0.855291576673866,428.0,33.0,34.0,198.0
