,Accuracy,ROC AUC,ROC Weighted Av,Logarithmic Loss,F1 Score,CMatrix11,CMatrix12,CMatrix21,CMatrix22
0,89.6103896103896,0.8921860532670066,0.8921860532670066,3.744795157310873,0.857707509881423,404.0,42.0,30.0,217.0
