,Accuracy,ROC AUC,ROC Weighted Av,Logarithmic Loss,F1 Score,CMatrix11,CMatrix12,CMatrix21,CMatrix22
0,89.17748917748918,0.8814144429930958,0.8814144429930958,3.9008282888654926,0.8407643312101911,420.0,40.0,35.0,198.0
