,Accuracy,ROC AUC,ROC Weighted Av,Logarithmic Loss,F1 Score,CMatrix11,CMatrix12,CMatrix21,CMatrix22
0,91.63059163059162,0.9088333537363809,0.9088333537363809,3.016640543389314,0.8909774436090225,398.0,24.0,34.0,237.0
