,Accuracy,ROC AUC,ROC Weighted Av,Logarithmic Loss,F1 Score,CMatrix11,CMatrix12,CMatrix21,CMatrix22
0,88.73762376237624,0.8737937833840919,0.8737937833840919,4.059371854467402,0.8366247755834829,484.0,43.0,48.0,233.0
