,Accuracy,ROC AUC,ROC Weighted Av,Logarithmic Loss,F1 Score,CMatrix11,CMatrix12,CMatrix21,CMatrix22
0,91.00758396533044,0.9025934922838247,0.9025934922838247,3.2411952668436874,0.8748114630467572,550.0,42.0,41.0,290.0
