,Accuracy,ROC AUC,ROC Weighted Av,Logarithmic Loss,F1 Score,CMatrix11,CMatrix12,CMatrix21,CMatrix22
0,88.94907908992417,0.879258091889926,0.879258091889926,3.9831556291332064,0.8482142857142857,536.0,48.0,54.0,285.0
