,FPR,TPR,Thresholds
0,0.0,0.0,inf
1,0.0,0.027777777777777776,0.9904551768852459
2,0.0,0.7222222222222222,0.8247255363856547
3,0.0125,0.7222222222222222,0.8162056122780259
4,0.0125,0.7777777777777778,0.7776552855989713
5,0.025,0.7777777777777778,0.7533970546225043
6,0.025,0.9444444444444444,0.5815604069992808
7,0.05,0.9444444444444444,0.5609479470361791
8,0.05,1.0,0.4355938088092038
9,1.0,1.0,0.005231147701101653
