,Accuracy,ROC AUC,ROC Weighted Av,Logarithmic Loss,F1 Score,CMatrix11,CMatrix12,CMatrix21,CMatrix22
0,76.17435463393991,0.6292657028506086,0.6292657028506086,8.587633033462952,0.8630503527122355,26.0,27.0,536.0,1774.0
